city,total_num_connections,avg_delivery_percent,avg_active_connections,annual_Kwh_millions,year
"'S GRAVENMOER",999,9.82,100,0.207,2020
"'S GRAVENMOER",1026,7.35,100,0.219,2019
"'S GRAVENMOER",1026,5.96,100,0.221,2018
'S-GRAVENZANDE,10046,11.55,99.19,2.064,2020
'S-GRAVENZANDE,9664,5.51,99.68,2.156,2018
'S-GRAVENZANDE,8834,2.19,99.99,2.591,2019
'S-HERTOGENBOSCH,54462,4.8,100,9.789,2019
'S-HERTOGENBOSCH,53948,3.56,100,9.9,2018
'S-HERTOGENBOSCH,55074,7.4,100,9.526,2020
AARLE-RIXTEL,2445,8.14,100,0.601,2018
AARLE-RIXTEL,2464,15.78,100,0.581,2020
AARLE-RIXTEL,2467,11.34,100,0.599,2019
ACHTMAAL,719,14.81,100,0.261,2020
ACHTMAAL,749,11.6,100,0.26,2019
ACHTMAAL,747,9.36,100,0.263,2018
"AFFERDEN LB",334,16.85,100,0.099,2020
"AFFERDEN LB",911,10.74,100,0.258,2018
"AFFERDEN LB",354,11.98,100,0.097,2019
ALMELO,3105,8.75,97.31,0.524,2020
ALMELO,32820,3.87,98.5,6.109,2018
ALMELO,34394,6.46,98.13,6.108,2019
ALMKERK,1578,12.34,100,0.411,2018
ALMKERK,1603,21.36,100,0.387,2020
ALMKERK,1607,16.27,100,0.402,2019
"ALPHEN NB",2128,10.18,100,0.658,2020
"ALPHEN NB",2120,5.32,100,0.684,2018
"ALPHEN NB",2133,6.65,100,0.668,2019
AMSTERDAM,503466,1.85,89.2,52.946,2019
AMSTERDAM,510971,2.57,88.99,52.349,2020
AMSTERDAM,495291,1.44,89.63,53.167,2018
"AMSTERDAM ZUIDOOST",12700,1.83,41.51,1.191,2018
"AMSTERDAM ZUIDOOST",12176,0.89,38.73,1.092,2019
"AMSTERDAM ZUIDOOST",14232,2.44,40.64,1.305,2020
AMSTERDAM-DUIVENDRECHT,450,8.93,80.65,0.046,2019
AMSTERDAM-DUIVENDRECHT,451,7.72,78.87,0.05,2018
AMSTERDAM-DUIVENDRECHT,624,10.46,69.98,0.05,2020
ANDEL,1015,12.07,100,0.256,2020
ANDEL,991,5.44,100,0.268,2018
ANDEL,1022,7.24,100,0.269,2019
ASTEN,5820,6.18,100,1.579,2018
ASTEN,5851,9.81,100,1.559,2019
ASTEN,5862,13.5,100,1.516,2020
BAARLE-NASSAU,3120,6.31,100,0.733,2019
BAARLE-NASSAU,3115,4.25,100,0.774,2018
BAARLE-NASSAU,3073,9.39,100,0.733,2020
BABYLONIENBROEK,161,10.37,100,0.07,2019
BABYLONIENBROEK,161,14.27,100,0.069,2020
BABYLONIENBROEK,161,5.3,100,0.077,2018
BAKEL,2244,9.44,100,0.729,2019
BAKEL,2247,7.43,100,0.744,2018
BAKEL,2245,13.87,100,0.715,2020
BAVEL,3373,7,100,0.847,2018
BAVEL,3417,8.86,100,0.821,2020
BAVEL,3415,4.7,100,0.835,2019
"BEEK EN DONK",4891,14.76,100,1.051,2020
"BEEK EN DONK",4782,9.96,100,1.073,2019
"BEEK EN DONK",4773,6.17,100,1.073,2018
"BEERS NB",735,14.99,100,0.262,2019
"BEERS NB",754,23.99,100,0.248,2020
"BEERS NB",736,12.33,100,0.266,2018
BERGEIJK,5000,9.71,100,1.368,2019
BERGEIJK,5025,14.56,100,1.327,2020
BERGEIJK,4927,6.57,100,1.354,2018
"BERGEN OP ZOOM",26219,14.48,100,4.42,2020
"BERGEN OP ZOOM",25511,10.16,100,4.544,2018
"BERGEN OP ZOOM",25823,11.7,100,4.478,2019
BERGHEM,3952,11.95,100,0.8,2019
BERGHEM,3988,18.88,100,0.767,2020
BERGHEM,3902,7.76,100,0.812,2018
BERKEL-ENSCHOT,5244,16.42,100,1.084,2020
BERKEL-ENSCHOT,5008,9.52,100,1.101,2019
BERKEL-ENSCHOT,4939,6.91,100,1.092,2018
"BERLICUM NB",4150,17.64,100,1.058,2020
"BERLICUM NB",4168,11.25,100,1.047,2019
"BERLICUM NB",4155,8.43,100,1.057,2018
BEST,13330,18.82,100,2.706,2020
BEST,12975,7.9,100,2.84,2018
BEST,13081,11.66,100,2.736,2019
BEUGEN,773,10.91,100,0.265,2018
BEUGEN,774,14.15,100,0.271,2019
BEUGEN,762,21.32,100,0.259,2020
BIEST-HOUTAKKER,393,22.1,100,0.158,2020
BIEST-HOUTAKKER,375,15.54,100,0.17,2019
BIEST-HOUTAKKER,374,10.57,100,0.169,2018
BIEZENMORTEL,459,20.13,100,0.211,2020
BIEZENMORTEL,461,16.93,100,0.218,2019
BIEZENMORTEL,458,13.62,100,0.219,2018
BLADEL,4844,8.84,100,1.214,2019
BLADEL,4836,7.19,100,1.189,2018
BLADEL,4878,11.91,100,1.183,2020
BOEKEL,3566,10.94,100,1.077,2019
BOEKEL,3644,15.73,100,1.042,2020
BOEKEL,3522,7.95,100,1.095,2018
BOSSCHENHOOFD,1095,5.94,100,0.32,2018
BOSSCHENHOOFD,1121,9.29,100,0.315,2019
BOSSCHENHOOFD,1114,12.49,100,0.308,2020
BOXMEER,5820,5.57,100,1.222,2018
BOXMEER,5948,12.94,100,1.153,2020
BOXMEER,5869,8.05,100,1.199,2019
BOXTEL,11552,11.03,100,2.408,2018
BOXTEL,11510,14.05,100,2.357,2019
BOXTEL,11584,18.11,100,2.281,2020
BREDA,72667,4.24,100,11.884,2019
BREDA,72641,5.87,100,11.544,2020
BREDA,72550,2.92,100,12.109,2018
CASTELRE,81,13.79,100,0.016,2019
CASTELRE,21,4.76,100,0.005,2018
CASTELRE,82,15.38,100,0.02,2020
CASTENRAY,359,25.08,100,0.172,2020
CASTENRAY,361,20.01,100,0.174,2019
CASTENRAY,360,15.33,100,0.178,2018
CASTEREN,420,11.73,100,0.117,2018
CASTEREN,433,21.44,100,0.109,2020
CASTEREN,423,15.5,100,0.11,2019
CHAAM,1952,12.06,100,0.538,2020
CHAAM,1956,8.91,100,0.544,2019
CHAAM,1933,7.35,100,0.538,2018
CROMVOIRT,334,8.42,100,0.107,2019
CROMVOIRT,332,7.16,100,0.106,2018
CROMVOIRT,334,12.66,100,0.104,2020
CUIJK,8386,7.85,100,1.449,2019
CUIJK,8389,4.99,100,1.501,2018
CUIJK,8567,14.11,100,1.418,2020
"DE HEEN",338,11.22,100,0.16,2018
"DE HEEN",340,19.93,100,0.157,2020
"DE HEEN",338,13.49,100,0.164,2019
"DE LIER",5415,6.54,99.48,1.255,2018
"DE LIER",4887,2.6,99.94,1.542,2019
"DE LIER",5485,11.71,99.7,1.118,2020
"DE MOER",257,9.15,100,0.104,2020
"DE MOER",255,6.66,100,0.11,2019
"DE MOER",253,4.26,100,0.109,2018
"DE MORTEL",634,14.01,100,0.372,2019
"DE MORTEL",631,10.58,100,0.361,2018
"DE MORTEL",637,19.25,100,0.345,2020
"DE RIPS",494,14.98,100,0.25,2019
"DE RIPS",494,10.61,100,0.253,2018
"DE RIPS",491,17.55,100,0.236,2020
DELFT,1974,8.77,86.5,0.248,2018
DELFT,272,0,75,0.037,2018
DELFT,574,7.81,99.91,0.104,2019
DELFT,47504,16.33,99.1,7.607,2020
DEMEN,65,15.42,100,0.03,2019
DEMEN,67,18.1,100,0.03,2020
DEMEN,50,13.33,100,0.024,2018
"DEN DUNGEN",1896,15.02,100,0.422,2019
"DEN DUNGEN",1897,12.13,100,0.435,2018
"DEN DUNGEN",1917,24.28,100,0.415,2020
"DEN HOORN",3491,8.36,98.23,0.546,2018
"DEN HOORN",3578,20.55,99.25,0.515,2020
"DEN HOORN",2797,4.74,99.9,0.581,2019
"DEN HOUT NB",462,9.27,100,0.205,2018
"DEN HOUT NB",467,13.8,100,0.207,2019
"DEN HOUT NB",507,18.4,100,0.216,2020
DEURNE,11254,12.94,100,3.104,2020
DEURNE,11235,8.4,100,3.242,2019
DEURNE,11037,6.16,100,3.223,2018
DEURSEN-DENNENBURG,262,7.25,100,0.088,2018
DEURSEN-DENNENBURG,263,10.27,100,0.087,2019
DEURSEN-DENNENBURG,263,12.88,100,0.087,2020
DIEDEN,104,13.06,100,0.046,2018
DIEDEN,104,15.01,100,0.047,2019
DIEDEN,103,18.52,100,0.036,2020
DIESSEN,1786,10.98,100,0.431,2019
DIESSEN,1795,15.11,100,0.414,2020
DIESSEN,1753,7.33,100,0.449,2018
DINTELOORD,2616,17.16,100,0.558,2020
DINTELOORD,2613,12.01,100,0.59,2019
DINTELOORD,2602,10.26,100,0.593,2018
DONGEN,10588,8.73,100,2.174,2019
DONGEN,10718,12.86,100,2.146,2020
DONGEN,10530,6.01,100,2.218,2018
DORST,1227,14.04,100,0.3,2019
DORST,1218,21.98,100,0.292,2020
DORST,1200,8.34,100,0.323,2018
DRIMMELEN,268,11.63,100,0.136,2020
DRIMMELEN,308,6.16,100,0.142,2019
DRIMMELEN,308,3.3,100,0.138,2018
DRONGELEN,158,6.52,100,0.061,2018
DRONGELEN,160,9.09,100,0.059,2019
DRONGELEN,161,11.25,100,0.056,2020
DRUNEN,7959,8.38,100,1.627,2019
DRUNEN,8096,12.51,100,1.59,2020
DRUNEN,8016,6.52,100,1.672,2018
DUIVENDRECHT,28,0,50,0.026,2020
DUIVENDRECHT,29,0,51.72,0.03,2019
DUIVENDRECHT,29,0,51.72,0.029,2018
DUIZEL,723,15.04,100,0.229,2019
DUIZEL,698,10.36,100,0.223,2018
DUIZEL,782,19.77,100,0.226,2020
DUSSEN,1100,7.12,100,0.329,2018
DUSSEN,1107,9.11,100,0.332,2019
DUSSEN,1078,14.38,100,0.323,2020
EERSEL,5134,13.89,100,1.204,2020
EERSEL,5110,10.19,100,1.234,2019
EERSEL,5069,7.2,100,1.261,2018
EETHEN,336,12.07,100,0.099,2020
EETHEN,331,8.87,100,0.1,2019
EETHEN,327,4.78,100,0.11,2018
EINDHOVEN,111006,4.49,100,17.571,2018
EINDHOVEN,112030,7.65,100,17.221,2019
EINDHOVEN,114321,11.99,100,16.757,2020
ELSENDORP,407,19.69,100,0.204,2020
ELSENDORP,408,15.39,100,0.212,2019
ELSENDORP,402,13.27,100,0.209,2018
ELSHOUT,700,9.95,100,0.282,2018
ELSHOUT,731,17.5,100,0.268,2020
ELSHOUT,697,12.33,100,0.274,2019
ENTER,19,10.53,94.74,0.004,2018
ENTER,19,11,95,0.004,2020
ENTER,19,10.53,94.74,0.004,2019
ERP,2811,16.49,100,1.007,2020
ERP,2770,10.47,100,1.031,2019
ERP,2767,7.12,100,1.036,2018
ESBEEK,565,10.42,100,0.208,2020
ESBEEK,572,7.61,100,0.225,2019
ESBEEK,568,5.87,100,0.221,2018
ESCH,864,8.82,100,0.229,2018
ESCH,864,11.12,100,0.234,2019
ESCH,860,15.62,100,0.238,2020
ESCHAREN,512,18.25,100,0.167,2019
ESCHAREN,512,13.01,100,0.167,2018
ESCHAREN,509,29.7,100,0.174,2020
ETTEN-LEUR,19412,10.19,100,3.58,2020
ETTEN-LEUR,19329,7.17,100,3.674,2019
ETTEN-LEUR,19199,5.89,100,3.694,2018
FIJNAART,2523,10.19,100,0.614,2019
FIJNAART,2521,7.14,100,0.611,2018
FIJNAART,2521,14.51,100,0.581,2020
GALDER,470,8.55,100,0.153,2019
GALDER,492,6.5,100,0.146,2018
GALDER,469,14.39,100,0.14,2020
GASSEL,502,11.31,100,0.192,2018
GASSEL,489,22.97,100,0.179,2020
GASSEL,503,12.83,100,0.185,2019
GEERTRUIDENBERG,3317,6.4,100,0.576,2019
GEERTRUIDENBERG,3301,8.09,100,0.541,2020
GEERTRUIDENBERG,3316,3.96,100,0.586,2018
GEFFEN,2034,5.94,100,0.571,2018
GEFFEN,2048,9.32,100,0.584,2019
GEFFEN,2060,15.79,100,0.567,2020
GELDROP,13488,5.56,100,2.649,2018
GELDROP,13505,14.79,100,2.51,2020
GELDROP,13500,10.28,100,2.576,2019
GEMERT,7302,15.45,100,1.675,2019
GEMERT,7407,21.13,100,1.626,2020
GEMERT,7251,10.83,100,1.711,2018
GEMONDE,945,9.43,100,0.3,2018
GEMONDE,921,19.46,100,0.302,2020
GEMONDE,945,13.49,100,0.296,2019
GENDEREN,687,8.71,100,0.188,2019
GENDEREN,685,13.19,100,0.183,2020
GENDEREN,705,5.65,100,0.193,2018
GIESSEN,744,7.07,100,0.213,2018
GIESSEN,747,12.32,100,0.199,2020
GIESSEN,747,9.03,100,0.199,2019
GILZE,3381,10.43,100,0.848,2019
GILZE,3358,14.02,100,0.821,2020
GILZE,3350,7.29,100,0.85,2018
GOIRLE,9279,5.66,100,1.833,2018
GOIRLE,9398,8.23,100,1.816,2019
GOIRLE,9417,12.14,100,1.773,2020
GOOR,5913,16.37,96.89,1.091,2019
GOOR,5920,19.68,96.69,1.04,2020
GOOR,5670,9.07,97.31,1.12,2018
GRAVE,4139,10.76,100,0.713,2020
GRAVE,4132,5.41,100,0.749,2018
GRAVE,4150,7.3,100,0.74,2019
GRIENDTSVEEN,229,19.95,100,0.054,2020
GRIENDTSVEEN,228,10.76,100,0.055,2018
GRIENDTSVEEN,227,13.97,100,0.053,2019
GROENINGEN,157,15.26,100,0.077,2018
GROENINGEN,172,17.75,100,0.082,2019
GROENINGEN,170,24.17,100,0.088,2020
HAAREN,2671,17.55,100,0.698,2020
HAAREN,2656,11.88,100,0.757,2019
HAAREN,2601,9.25,100,0.776,2018
HAARSTEEG,863,18.27,100,0.224,2020
HAARSTEEG,818,11.22,100,0.224,2019
HAARSTEEG,791,9.55,100,0.214,2018
HAGHORST,378,14.16,100,0.172,2020
HAGHORST,356,10.39,100,0.166,2019
HAGHORST,355,8.43,100,0.162,2018
HALFWEG,41,2.44,75.61,0.013,2019
HALFWEG,40,2.5,77.5,0.013,2018
HALFWEG,41,4.88,75.61,0.013,2020
HALSTEREN,5400,12.83,100,0.984,2018
HALSTEREN,5449,18.88,100,0.938,2020
HALSTEREN,5425,14.52,100,0.971,2019
HANDEL,808,13.46,100,0.229,2019
HANDEL,802,9.64,100,0.227,2018
HANDEL,808,18.67,100,0.224,2020
HANK,1678,15.81,100,0.384,2020
HANK,1639,12.02,100,0.4,2019
HANK,1659,7.57,100,0.404,2018
HAPERT,2490,11.13,100,0.582,2019
HAPERT,2463,8.89,100,0.595,2018
HAPERT,2503,16.15,100,0.564,2020
HAPS,1230,20.28,100,0.39,2020
HAPS,1208,12.94,100,0.394,2019
HAPS,1200,8.64,100,0.407,2018
"HAREN NB",278,15.39,100,0.1,2019
"HAREN NB",279,10.96,100,0.1,2018
"HAREN NB",285,17.62,100,0.097,2020
HEERLE,768,10.46,100,0.239,2018
HEERLE,777,13.67,100,0.232,2019
HEERLE,792,21.52,100,0.223,2020
HEESCH,5508,9.63,100,1.186,2019
HEESCH,5485,6.82,100,1.194,2018
HEESCH,5632,14.6,100,1.17,2020
HEESWIJK-DINTHER,3248,6.99,100,1.07,2018
HEESWIJK-DINTHER,3365,16.29,100,1.024,2020
HEESWIJK-DINTHER,3302,10.22,100,1.061,2019
HEEZE,4429,7.87,100,0.917,2018
HEEZE,4430,11.1,100,0.893,2019
HEEZE,4475,17.16,100,0.883,2020
HEIDE,205,17.03,100,0.156,2019
HEIDE,192,25.73,100,0.104,2020
HEIDE,202,13.65,100,0.145,2018
HEIJNINGEN,496,16.04,100,0.225,2020
HEIJNINGEN,498,12.09,100,0.218,2019
HEIJNINGEN,499,9.01,100,0.215,2018
HELENAVEEN,410,5.74,100,0.173,2019
HELENAVEEN,422,8.6,100,0.172,2020
HELENAVEEN,410,4.62,100,0.168,2018
HELMOND,41899,11.86,100,7.151,2020
HELMOND,41089,4.31,100,7.419,2018
HELMOND,41512,6.08,100,7.317,2019
HELVOIRT,2118,11.34,100,0.672,2018
HELVOIRT,2144,14.11,100,0.669,2019
HELVOIRT,2162,18.7,100,0.659,2020
HERPEN,1224,11.37,100,0.411,2019
HERPEN,1223,6.12,100,0.413,2018
HERPEN,1224,17.41,100,0.417,2020
HEUKELOM,133,24.87,100,0.072,2020
HEUKELOM,134,8.93,100,0.076,2018
HEUKELOM,112,14.87,100,0.061,2019
"HEUSDEN GEM ASTEN",919,14.99,100,0.621,2019
"HEUSDEN GEM ASTEN",927,18.73,100,0.564,2020
"HEUSDEN GEM ASTEN",921,10.92,100,0.655,2018
"HEUSDEN GEM HEUSDEN",2429,3.25,100,0.649,2018
"HEUSDEN GEM HEUSDEN",723,0.21,100,0.172,2019
"HEUSDEN GEM HEUSDEN",722,0.48,100,0.167,2020
HILVARENBEEK,3931,10.92,100,1.045,2019
HILVARENBEEK,3900,8.81,100,1.06,2018
HILVARENBEEK,3941,13.5,100,1.016,2020
HOEVEN,3111,7.31,100,0.738,2018
HOEVEN,3107,9.93,100,0.734,2019
HOEVEN,3097,14.79,100,0.702,2020
HOLTHEES,235,21.13,100,0.07,2019
HOLTHEES,228,18.04,100,0.071,2018
HOLTHEES,232,27.54,100,0.059,2020
HONSELERSDIJK,3204,6.38,99.9,0.861,2018
HONSELERSDIJK,3207,10.78,99.84,0.798,2020
HONSELERSDIJK,2981,3.65,99.94,1.054,2019
"HOOGE MIERDE",686,7.58,100,0.27,2018
"HOOGE MIERDE",689,8.92,100,0.275,2019
"HOOGE MIERDE",692,12.55,100,0.275,2020
"HOOGE ZWALUWE",751,12.99,100,0.224,2020
"HOOGE ZWALUWE",757,10.22,100,0.225,2019
"HOOGE ZWALUWE",756,8.41,100,0.232,2018
HOOGELOON,933,11.63,100,0.336,2019
HOOGELOON,927,15.13,100,0.338,2020
HOOGELOON,932,9.66,100,0.338,2018
HOOGERHEIDE,4222,5.85,100,0.891,2018
HOOGERHEIDE,4254,12.26,100,0.852,2020
HOOGERHEIDE,4242,8.92,100,0.879,2019
HUIJBERGEN,1028,9.78,100,0.269,2018
HUIJBERGEN,1029,12.87,100,0.269,2019
HUIJBERGEN,1028,16.03,100,0.249,2020
HUISSELING,133,15.61,100,0.056,2019
HUISSELING,133,11.13,100,0.057,2018
HUISSELING,132,23.59,100,0.053,2020
HULSEL,305,20.39,100,0.091,2020
HULSEL,302,14.32,100,0.1,2019
HULSEL,301,10.35,100,0.098,2018
HULTEN,161,17.12,100,0.08,2019
HULTEN,172,19.58,100,0.084,2020
HULTEN,157,5.28,100,0.085,2018
KAATSHEUVEL,7530,7.18,100,1.456,2019
KAATSHEUVEL,7510,5.05,100,1.491,2018
KAATSHEUVEL,7618,10.01,100,1.447,2020
"KATWIJK NB",207,7.62,100,0.102,2019
"KATWIJK NB",208,5.18,100,0.102,2018
"KATWIJK NB",207,12.11,100,0.094,2020
KEENT,11,9.09,100,0.012,2018
KEENT,11,9.09,100,0.013,2019
KEENT,11,18.18,100,0.012,2020
"KLEIN ZUNDERT",990,18.99,100,0.309,2020
"KLEIN ZUNDERT",1011,14.21,100,0.304,2019
"KLEIN ZUNDERT",1009,10.03,100,0.301,2018
KLUNDERT,2744,15.05,100,0.61,2020
KLUNDERT,2722,7.38,100,0.639,2018
KLUNDERT,2720,9.78,100,0.628,2019
KNEGSEL,590,10.51,100,0.207,2018
KNEGSEL,620,21.73,100,0.201,2020
KNEGSEL,622,14.55,100,0.207,2019
KRUISLAND,985,11.68,100,0.346,2019
KRUISLAND,986,17.09,100,0.312,2020
KRUISLAND,981,9.68,100,0.344,2018
KWINTSHEUL,1707,8.53,99.32,0.395,2018
KWINTSHEUL,1686,14.13,99.68,0.373,2020
KWINTSHEUL,1583,4.72,99.91,0.517,2019
"LAGE MIERDE",877,9.82,100,0.296,2018
"LAGE MIERDE",877,17.06,100,0.282,2020
"LAGE MIERDE",879,12.55,100,0.3,2019
"LAGE ZWALUWE",1866,7.86,100,0.447,2019
"LAGE ZWALUWE",1807,6.09,100,0.451,2018
"LAGE ZWALUWE",1880,12.71,100,0.422,2020
LANDHORST,313,12.01,100,0.248,2020
LANDHORST,324,9.11,100,0.236,2018
LANDHORST,324,9.78,100,0.242,2019
LANGENBOOM,963,16.46,100,0.338,2020
LANGENBOOM,967,13.01,100,0.328,2019
LANGENBOOM,956,10.35,100,0.336,2018
LANGEWEG,343,13.47,100,0.114,2019
LANGEWEG,344,10.94,100,0.112,2018
LANGEWEG,342,16.48,100,0.11,2020
LEDEACKER,322,9.59,100,0.111,2018
LEDEACKER,285,19.87,100,0.096,2020
LEDEACKER,293,13.75,100,0.107,2019
LEENDE,1981,11.2,100,0.603,2019
LEENDE,1974,7.76,100,0.599,2018
LEENDE,1985,15.43,100,0.59,2020
LEPELSTRAAT,890,18.39,100,0.249,2020
LEPELSTRAAT,892,15.29,100,0.256,2019
LEPELSTRAAT,891,12.47,100,0.26,2018
LEUNEN,928,25.14,100,0.362,2020
LEUNEN,920,13.07,100,0.384,2018
LEUNEN,932,17.53,100,0.378,2019
LIEMPDE,2002,10.99,100,0.603,2018
LIEMPDE,2002,18.44,100,0.584,2020
LIEMPDE,2002,13.81,100,0.606,2019
LIEROP,938,22.72,100,0.309,2020
LIEROP,940,16.16,100,0.319,2019
LIEROP,931,9.16,100,0.327,2018
LIESHOUT,1847,16.17,100,0.531,2020
LIESHOUT,1844,11.43,100,0.537,2019
LIESHOUT,1839,7.33,100,0.541,2018
LIESSEL,1438,11.05,100,0.404,2020
LIESSEL,1438,6.67,100,0.421,2019
LIESSEL,1430,4.97,100,0.449,2018
LINDEN,110,16.86,100,0.047,2019
LINDEN,111,12.43,100,0.046,2018
LINDEN,111,22.41,100,0.046,2020
LITH,1256,6.06,100,0.34,2018
LITH,1281,15.4,100,0.321,2020
LITH,1262,10.41,100,0.343,2019
LITHOIJEN,327,10.52,100,0.202,2018
LITHOIJEN,329,15.96,100,0.2,2019
LITHOIJEN,309,15.96,100,0.188,2020
"LOON OP ZAND",2827,11.06,100,0.537,2020
"LOON OP ZAND",2776,6.74,100,0.537,2019
"LOON OP ZAND",2779,4.98,100,0.545,2018
LOOSBROEK,486,19.4,100,0.198,2020
LOOSBROEK,476,12.1,100,0.201,2018
LOOSBROEK,481,14.32,100,0.202,2019
LUYKSGESTEL,1221,17.59,100,0.29,2020
LUYKSGESTEL,1216,11.31,100,0.288,2019
LUYKSGESTEL,1187,7.27,100,0.298,2018
MAASDIJK,1893,4.03,99.99,0.726,2019
MAASDIJK,2054,12.08,99.78,0.528,2020
MAASDIJK,2034,8.28,99.95,0.587,2018
MAASHEES,468,11.8,100,0.11,2018
MAASHEES,468,15.89,100,0.111,2019
MAASHEES,459,21.3,100,0.11,2020
MAASLAND,2970,17.75,99.69,0.572,2020
MAASLAND,2953,10.4,99.94,0.613,2018
MAASLAND,2697,2.38,100,0.719,2019
MAASSLUIS,116,48.7,100,0.012,2020
MAASSLUIS,89,0,100,0.003,2019
MAASSLUIS,53,6.88,58.51,0.013,2018
MACHAREN,292,8.14,100,0.138,2018
MACHAREN,294,10.31,100,0.137,2019
MACHAREN,293,24.34,100,0.123,2020
MADE,5549,7.52,100,1.155,2019
MADE,5528,10.09,100,1.114,2020
MADE,5543,5.11,100,1.16,2018
MAREN-KESSEL,580,17.75,100,0.255,2020
MAREN-KESSEL,575,10.28,100,0.26,2019
MAREN-KESSEL,576,7.48,100,0.254,2018
MARIAHOUT,759,10.65,100,0.388,2019
MARIAHOUT,787,19.72,100,0.375,2020
MARIAHOUT,757,6.53,100,0.385,2018
MEEUWEN,302,7.58,100,0.095,2018
MEEUWEN,302,12.86,100,0.089,2020
MEEUWEN,302,9.73,100,0.093,2019
MEGEN,690,6.58,100,0.178,2018
MEGEN,693,9.51,100,0.172,2019
MEGEN,694,18.19,100,0.167,2020
MEIJEL,2737,10.55,100,0.838,2018
MEIJEL,2748,13.06,100,0.825,2019
MEIJEL,2773,18.54,100,0.814,2020
MERSELO,464,17.09,100,0.153,2018
MERSELO,453,24.52,100,0.136,2020
MERSELO,464,21.36,100,0.144,2019
MIERLO,4800,13.18,100,1.056,2019
MIERLO,4746,20.58,100,1.024,2020
MIERLO,4736,7.53,100,1.071,2018
MILHEEZE,874,8.89,100,0.391,2019
MILHEEZE,880,13.04,100,0.386,2020
MILHEEZE,867,6.61,100,0.402,2018
MILL,2768,7.61,100,0.798,2018
MILL,2754,11.39,100,0.791,2019
MILL,2780,15.84,100,0.753,2020
MOERDIJK,643,5.55,100,0.285,2019
MOERDIJK,640,3.68,100,0.292,2018
MOERDIJK,639,9.23,100,0.265,2020
MOERGESTEL,2534,10.71,100,0.749,2019
MOERGESTEL,2527,8.62,100,0.767,2018
MOERGESTEL,2533,14.68,100,0.732,2020
MOERSTRATEN,237,21.95,100,0.101,2020
MOERSTRATEN,259,15.47,100,0.12,2018
MOERSTRATEN,239,16.83,100,0.118,2019
MOLENSCHOT,519,11.59,100,0.224,2019
MOLENSCHOT,515,16.85,100,0.209,2020
MOLENSCHOT,518,9.8,100,0.229,2018
MONSTER,5915,1.77,99.98,1.476,2019
MONSTER,6200,4.5,99.6,1.301,2018
MONSTER,6245,9.5,99.82,1.201,2020
NAALDWIJK,8155,2.6,99.97,2.165,2019
NAALDWIJK,10150,12.24,99.82,1.833,2020
NAALDWIJK,9656,6.74,99.66,1.915,2018
NEERKANT,810,11.26,100,0.309,2020
NEERKANT,812,5.09,100,0.326,2018
NEERKANT,818,7.97,100,0.328,2019
NEERLANGEL,28,10.72,100,0.013,2018
NEERLANGEL,14,14.29,100,0.005,2019
NEERLANGEL,14,14.29,100,0.005,2020
NEERLOON,89,10.58,100,0.061,2018
NEERLOON,89,11.45,100,0.062,2019
NEERLOON,89,13.95,100,0.063,2020
NETERSEL,386,14.5,100,0.111,2019
NETERSEL,395,19.72,100,0.105,2020
NETERSEL,392,9.97,100,0.112,2018
NIEUW-VOSSEMEER,1132,19.53,100,0.256,2020
NIEUW-VOSSEMEER,1118,13.88,100,0.267,2019
NIEUW-VOSSEMEER,1119,11.83,100,0.271,2018
"NIEUWENDIJK NB",1622,11.32,100,0.33,2018
"NIEUWENDIJK NB",1659,21.26,100,0.314,2020
"NIEUWENDIJK NB",1630,15.44,100,0.326,2019
NIEUWKUIJK,990,5.33,100,0.394,2018
NIEUWKUIJK,997,10.21,100,0.389,2020
NIEUWKUIJK,991,6.73,100,0.399,2019
NISPEN,697,12.25,100,0.241,2019
NISPEN,696,18.41,100,0.241,2020
NISPEN,698,8.18,100,0.242,2018
NISTELRODE,2611,14.85,100,0.847,2020
NISTELRODE,2556,7.45,100,0.916,2018
NISTELRODE,2564,9.75,100,0.892,2019
NOORDHOEK,447,15.27,100,0.104,2019
NOORDHOEK,446,11.09,100,0.107,2018
NOORDHOEK,446,20.85,100,0.103,2020
NUENEN,10651,9.29,100,2.397,2018
NUENEN,10800,16.12,100,2.309,2020
NUENEN,10682,11.77,100,2.364,2019
NULAND,1758,7.42,100,0.528,2018
NULAND,1786,10.62,100,0.512,2019
NULAND,1831,18.17,100,0.5,2020
ODILIAPEEL,852,21.06,100,0.338,2020
ODILIAPEEL,830,11.48,100,0.35,2019
ODILIAPEEL,821,7.47,100,0.355,2018
OEFFELT,1022,9.17,100,0.285,2018
OEFFELT,1020,12.69,100,0.28,2019
OEFFELT,994,17.44,100,0.267,2020
OIJEN,488,6.72,100,0.183,2018
OIJEN,503,13.61,100,0.192,2019
OIJEN,502,19.63,100,0.18,2020
OIRLO,477,16.23,100,0.237,2019
OIRLO,476,12.18,100,0.23,2018
OIRLO,475,21.02,100,0.222,2020
OIRSCHOT,5575,13,100,1.289,2020
OIRSCHOT,5587,9.42,100,1.312,2019
OIRSCHOT,5532,7,100,1.319,2018
OISTERWIJK,9351,9.26,100,2.235,2020
OISTERWIJK,9249,6.35,100,2.287,2019
OISTERWIJK,9205,5.13,100,2.315,2018
OLDENZAAL,14708,13.05,98.32,2.92,2020
OLDENZAAL,14073,5.35,99.21,3.006,2018
OLDENZAAL,14598,8.62,98.3,2.976,2019
OMMEL,348,10.15,100,0.149,2018
OMMEL,346,18.11,100,0.144,2020
OMMEL,348,13.3,100,0.148,2019
"OOST WEST EN MIDDELBEERS",2616,16.65,100,0.8,2020
"OOST WEST EN MIDDELBEERS",2545,8.52,100,0.822,2018
"OOST WEST EN MIDDELBEERS",2548,10.54,100,0.816,2019
OOSTEIND,549,17.32,100,0.249,2020
OOSTEIND,540,8.48,100,0.261,2018
OOSTEIND,545,12.2,100,0.264,2019
"OOSTERHOUT NB",23769,11.81,100,4.105,2020
"OOSTERHOUT NB",23586,4.64,100,4.343,2018
"OOSTERHOUT NB",23796,7.01,100,4.246,2019
"OOSTRUM LB",895,26.95,100,0.236,2020
"OOSTRUM LB",882,17.81,100,0.239,2018
"OOSTRUM LB",899,21.96,100,0.242,2019
OPLOO,717,22.01,100,0.269,2020
OPLOO,738,17.08,100,0.276,2019
OPLOO,734,12.97,100,0.282,2018
OSS,27558,12.19,100,5.006,2020
OSS,27191,4.9,100,5.28,2018
OSS,27291,7.38,100,5.21,2019
OSSENDRECHT,2317,13.38,100,0.615,2020
OSSENDRECHT,2322,7.71,100,0.656,2018
OSSENDRECHT,2322,9.98,100,0.644,2019
"OUD GASTEL",3309,10.39,100,0.896,2019
"OUD GASTEL",3336,16.01,100,0.868,2020
"OUD GASTEL",3262,6.42,100,0.912,2018
"OUDEMOLEN NB",119,19.27,100,0.039,2020
"OUDEMOLEN NB",120,17.61,100,0.04,2019
"OUDEMOLEN NB",120,11.47,100,0.038,2018
OUDENBOSCH,5842,13.08,100,1.094,2020
OUDENBOSCH,5790,4.58,100,1.172,2018
OUDENBOSCH,5771,7.4,100,1.125,2019
"OUDERKERK AAN DE AMSTEL",36,0,75,0.007,2020
"OUDERKERK AAN DE AMSTEL",35,0,77.14,0.006,2018
"OUDERKERK AAN DE AMSTEL",35,0,74.29,0.006,2019
OVERLANGEL,189,11.44,100,0.058,2018
OVERLANGEL,188,12.44,100,0.06,2019
OVERLANGEL,188,22.48,100,0.056,2020
OVERLOON,1723,10.51,100,0.515,2019
OVERLOON,1651,8.55,100,0.513,2018
OVERLOON,1688,14.54,100,0.508,2020
POELDIJK,3059,7.45,96.55,0.64,2018
POELDIJK,2724,3.93,100,0.769,2019
POELDIJK,3245,13.03,98.93,0.655,2020
PRINSENBEEK,4962,6.89,100,1.03,2018
PRINSENBEEK,4987,9.78,100,1.013,2019
PRINSENBEEK,5051,14.22,100,0.99,2020
PUTTE,2206,9.05,100,0.402,2019
PUTTE,2203,7.12,100,0.415,2018
PUTTE,2205,13.62,100,0.391,2020
RAAMSDONK,924,9.45,100,0.294,2019
RAAMSDONK,944,17,100,0.29,2020
RAAMSDONK,906,5.89,100,0.294,2018
RAAMSDONKSVEER,5853,11.85,100,1.301,2020
RAAMSDONKSVEER,5884,8.37,100,1.337,2019
RAAMSDONKSVEER,5874,5.4,100,1.356,2018
RAVENSTEIN,1518,12.85,100,0.32,2020
RAVENSTEIN,1517,6.17,100,0.323,2018
RAVENSTEIN,1521,7.98,100,0.326,2019
REEK,695,19.71,100,0.2,2020
REEK,692,10.95,100,0.19,2018
REEK,696,13.59,100,0.198,2019
REUSEL,3740,7.64,100,0.996,2018
REUSEL,3784,9.33,100,0.974,2019
REUSEL,3814,13.87,100,0.962,2020
RIEL,1227,13.36,100,0.334,2019
RIEL,1217,9.48,100,0.336,2018
RIEL,1215,16.87,100,0.334,2020
RIETHOVEN,1030,8.94,100,0.243,2018
RIETHOVEN,1039,13.9,100,0.248,2019
RIETHOVEN,1044,18.77,100,0.242,2020
RIJEN,7473,7.21,100,1.406,2018
RIJEN,7494,9.81,100,1.393,2019
RIJEN,7494,13.42,100,1.356,2020
RIJKEVOORT,734,15.06,100,0.247,2020
RIJKEVOORT,749,8.04,100,0.255,2018
RIJKEVOORT,749,9.86,100,0.248,2019
RIJSBERGEN,2800,13.98,100,0.691,2020
RIJSBERGEN,2774,8.06,100,0.723,2018
RIJSBERGEN,2825,9.6,100,0.715,2019
"RIJSWIJK ZH",29018,6.28,97.92,4.633,2018
"RIJSWIJK ZH",753,11.54,100,0.174,2019
"RIJSWIJK ZH",28270,4.27,95.83,4.451,2018
"RIJSWIJK ZH",29402,10.95,98.35,4.622,2020
ROORDAHUIZUM,45,0,75.56,0.008,2019
ROORDAHUIZUM,45,0,75.56,0.009,2020
ROORDAHUIZUM,44,0,75,0.009,2018
ROOSENDAAL,32011,4.68,100,5.887,2018
ROOSENDAAL,32169,10,100,5.55,2020
ROOSENDAAL,32105,5.99,100,5.797,2019
ROSMALEN,15841,14.82,100,3.111,2020
ROSMALEN,15281,7.19,100,3.199,2018
ROSMALEN,15577,9.58,100,3.186,2019
RUCPHEN,2145,12.82,100,0.591,2020
RUCPHEN,2187,8.73,100,0.6,2019
RUCPHEN,2176,6.13,100,0.581,2018
SAMBEEK,710,14.75,100,0.219,2019
SAMBEEK,709,21.63,100,0.221,2020
SAMBEEK,709,8.72,100,0.249,2018
SCHAIJK,3055,10.71,100,0.821,2019
SCHAIJK,3237,19.47,100,0.784,2020
SCHAIJK,3029,6.89,100,0.858,2018
SCHIJF,675,18.06,100,0.255,2020
SCHIJF,699,12.65,100,0.251,2019
SCHIJF,697,9.91,100,0.25,2018
SCHIJNDEL,10427,15.63,100,2.231,2020
SCHIJNDEL,10362,12.16,100,2.265,2019
SCHIJNDEL,10359,9.21,100,2.302,2018
SCHIPLUIDEN,1858,14.53,99.92,0.392,2018
SCHIPLUIDEN,1753,3.58,99.92,0.44,2019
SCHIPLUIDEN,1946,22.53,95.51,0.386,2020
SIEBENGEWALD,244,8.24,100,0.056,2019
SIEBENGEWALD,616,10.64,100,0.118,2020
SIEBENGEWALD,641,5.84,100,0.128,2018
"SINT AGATHA",209,19.27,100,0.066,2019
"SINT AGATHA",209,18.1,100,0.067,2018
"SINT AGATHA",209,24.93,100,0.063,2020
"SINT ANTHONIS",1836,16.49,100,0.503,2020
"SINT ANTHONIS",1861,11.25,100,0.519,2019
"SINT ANTHONIS",1884,8.46,100,0.508,2018
"SINT HUBERT",635,11.46,100,0.198,2019
"SINT HUBERT",626,6.92,100,0.199,2018
"SINT HUBERT",647,18.06,100,0.197,2020
SINT-MICHIELSGESTEL,5295,11.65,100,1.187,2019
SINT-MICHIELSGESTEL,5247,16.41,100,1.168,2020
SINT-MICHIELSGESTEL,5236,9.01,100,1.224,2018
SINT-OEDENRODE,7797,7.09,100,2.3,2018
SINT-OEDENRODE,7892,19.43,100,2.173,2020
SINT-OEDENRODE,7874,12.56,100,2.223,2019
SLEEUWIJK,2459,17.32,100,0.492,2020
SLEEUWIJK,2446,13.24,100,0.507,2019
SLEEUWIJK,2414,9.2,100,0.507,2018
SMAKT,88,15,100,0.08,2019
SMAKT,88,20.3,100,0.073,2020
SMAKT,89,9.41,100,0.083,2018
SOMEREN,7443,15.18,100,2.132,2019
SOMEREN,7385,10.48,100,2.191,2018
SOMEREN,7465,21.18,100,2.021,2020
"SON EN BREUGEL",7569,10.36,100,2.056,2019
"SON EN BREUGEL",7461,6.24,100,2.088,2018
"SON EN BREUGEL",7677,17.6,100,1.982,2020
SPRANG-CAPELLE,4377,10.58,100,0.891,2020
SPRANG-CAPELLE,4340,5.19,100,0.928,2018
SPRANG-CAPELLE,4356,7.39,100,0.902,2019
SPRUNDEL,2233,5.16,100,0.649,2018
SPRUNDEL,2271,12.55,100,0.644,2020
SPRUNDEL,2278,8.42,100,0.656,2019
"ST. WILLEBRORD",4038,2.25,100,0.899,2018
"ST. WILLEBRORD",4115,7.12,100,0.866,2020
"ST. WILLEBRORD",4103,4.59,100,0.89,2019
STAMPERSGAT,539,9.63,100,0.118,2019
STAMPERSGAT,539,5.27,100,0.12,2018
STAMPERSGAT,539,14.4,100,0.113,2020
STANDDAARBUITEN,953,11.57,100,0.213,2019
STANDDAARBUITEN,962,16.3,100,0.208,2020
STANDDAARBUITEN,949,7.84,100,0.221,2018
"STEENBERGEN NB",5850,12.7,100,1.222,2019
"STEENBERGEN NB",5901,16.87,100,1.192,2020
"STEENBERGEN NB",5805,10.06,100,1.247,2018
STEENSEL,622,10.26,100,0.15,2019
STEENSEL,608,6.36,100,0.151,2018
STEENSEL,633,14.02,100,0.143,2020
STEVENSBEEK,293,23.37,100,0.123,2020
STEVENSBEEK,284,14.26,100,0.115,2018
STEVENSBEEK,304,15.99,100,0.122,2019
STRIJBEEK,113,10.24,100,0.05,2018
STRIJBEEK,155,16.68,100,0.059,2020
STRIJBEEK,156,12.75,100,0.057,2019
TEEFFELEN,80,22.85,100,0.037,2020
TEEFFELEN,79,17.86,100,0.038,2019
TEEFFELEN,79,11.8,100,0.037,2018
"TER HEIJDE",292,1.54,99.29,0.047,2019
"TER HEIJDE",328,2.72,99.27,0.042,2018
"TER HEIJDE",339,3.61,100,0.048,2020
TERHEIJDEN,2700,8.57,100,0.594,2019
TERHEIJDEN,2680,11.81,100,0.569,2020
TERHEIJDEN,2704,5.74,100,0.632,2018
TETERINGEN,3333,15.26,100,0.656,2020
TETERINGEN,3115,11.46,100,0.648,2019
TETERINGEN,3020,8.76,100,0.636,2018
TILBURG,88259,4.82,100,14.261,2018
TILBURG,90205,8.9,100,13.917,2020
TILBURG,89200,6.08,100,14.162,2019
UDEN,17017,7.14,100,3.642,2018
UDEN,17162,11.71,100,3.581,2019
UDEN,17272,21,100,3.472,2020
UDENHOUT,3368,11.85,100,0.826,2019
UDENHOUT,3323,8.56,100,0.826,2018
UDENHOUT,3418,17.4,100,0.811,2020
UITWIJK,141,13.96,100,0.049,2020
UITWIJK,145,11.08,100,0.05,2019
UITWIJK,145,10.47,100,0.051,2018
ULICOTEN,498,10.3,100,0.24,2019
ULICOTEN,496,7.32,100,0.245,2018
ULICOTEN,463,14.93,100,0.231,2020
ULVENHOUT,2244,15.74,100,0.532,2020
ULVENHOUT,2255,12.42,100,0.559,2019
ULVENHOUT,2227,7.6,100,0.555,2018
VALKENSWAARD,15417,15.65,100,3.107,2020
VALKENSWAARD,15289,8.59,100,3.196,2019
VALKENSWAARD,15138,5.44,100,3.269,2018
VEEN,1320,7.89,100,0.306,2020
VEEN,1307,4.97,100,0.311,2019
VEEN,1247,3.17,100,0.297,2018
VEGHEL,13745,11.14,100,3.055,2019
VEGHEL,13646,6.74,100,3.119,2018
VEGHEL,13920,20.32,100,2.988,2020
VELDHOVEN,20450,9.57,100,4.379,2019
VELDHOVEN,20592,14.9,100,4.275,2020
VELDHOVEN,20355,5.76,100,4.435,2018
"VELP NB",407,18.96,100,0.171,2020
"VELP NB",414,8.45,100,0.178,2018
"VELP NB",413,11.52,100,0.18,2019
"VELSEN ZUID",66,0,59.09,0.035,2020
"VELSEN ZUID",66,0,71.21,0.036,2018
"VELSEN ZUID",66,0,60.61,0.035,2019
VENHORST,639,17.04,100,0.311,2020
VENHORST,638,10.46,100,0.336,2018
VENHORST,644,11.97,100,0.322,2019
VENRAY,13486,25.61,100,2.426,2020
VENRAY,13316,18.97,100,2.499,2019
VENRAY,13355,10.94,100,2.565,2018
VESSEM,1314,9.15,100,0.374,2018
VESSEM,1345,11.19,100,0.365,2019
VESSEM,1348,15.26,100,0.352,2020
VEULEN,235,19.69,100,0.192,2020
VEULEN,223,11.48,100,0.185,2019
VEULEN,221,10.24,100,0.184,2018
"VIANEN NB",508,11,100,0.126,2019
"VIANEN NB",501,7.24,100,0.127,2018
"VIANEN NB",508,17.66,100,0.125,2020
VIERLINGSBEEK,1111,9.97,100,0.317,2018
VIERLINGSBEEK,1099,18.93,100,0.299,2020
VIERLINGSBEEK,1112,13.27,100,0.31,2019
VINKEL,1086,10.39,100,0.302,2019
VINKEL,1083,7.36,100,0.3,2018
VINKEL,1117,17.58,100,0.294,2020
VLIERDEN,568,21.74,100,0.201,2020
VLIERDEN,561,12.68,100,0.21,2018
VLIERDEN,563,16.14,100,0.209,2019
VLIJMEN,6371,17.2,100,1.226,2020
VLIJMEN,6074,10.37,100,1.222,2019
VLIJMEN,6039,8.5,100,1.224,2018
VOLKEL,1514,7.4,100,0.486,2018
VOLKEL,1545,9.98,100,0.491,2019
VOLKEL,1550,14,100,0.479,2020
VORSTENBOSCH,663,17.34,100,0.235,2020
VORSTENBOSCH,663,10.7,100,0.233,2018
VORSTENBOSCH,665,14.48,100,0.235,2019
VORTUM-MULLEM,260,18.52,100,0.106,2019
VORTUM-MULLEM,271,14.16,100,0.112,2018
VORTUM-MULLEM,259,26.77,100,0.099,2020
VREDEPEEL,101,19.37,100,0.094,2020
VREDEPEEL,107,15.17,100,0.106,2019
VREDEPEEL,107,14.36,100,0.115,2018
VUGHT,11070,9.8,100,2.205,2020
VUGHT,11039,7.37,100,2.247,2019
VUGHT,11029,5.74,100,2.31,2018
WAALRE,7974,16.86,100,1.711,2020
WAALRE,7832,6.72,100,1.76,2018
WAALRE,7937,10.61,100,1.746,2019
WAALWIJK,15999,4.18,100,3.232,2018
WAALWIJK,16232,5.59,100,3.141,2019
WAALWIJK,16292,8.02,100,3.024,2020
WAARDHUIZEN,87,17.93,100,0.024,2020
WAARDHUIZEN,87,11.04,100,0.025,2019
WAARDHUIZEN,82,10.96,100,0.026,2018
WAGENBERG,938,7.94,100,0.252,2018
WAGENBERG,939,9.34,100,0.255,2019
WAGENBERG,918,14.39,100,0.254,2020
WANROIJ,1181,8.9,100,0.58,2018
WANROIJ,1181,11.81,100,0.57,2019
WANROIJ,1156,18.61,100,0.53,2020
WASPIK,2203,12.9,100,0.552,2020
WASPIK,2173,6.95,100,0.596,2018
WASPIK,2197,9.58,100,0.599,2019
WATERINGEN,7044,5.94,99.98,1.268,2018
WATERINGEN,7375,11.5,99.55,1.195,2020
WATERINGEN,6227,3.07,99.92,1.425,2019
WERKENDAM,4720,9.27,100,1.123,2020
WERKENDAM,4713,4.25,100,1.152,2018
WERKENDAM,4720,6.85,100,1.134,2019
WERNHOUT,1436,7.31,100,0.244,2018
WERNHOUT,1441,9.45,100,0.24,2019
WERNHOUT,1401,15.77,100,0.238,2020
WESTERBEEK,274,14.71,100,0.169,2020
WESTERBEEK,273,8.82,100,0.18,2019
WESTERBEEK,274,6.91,100,0.172,2018
WESTERHOVEN,936,12.11,100,0.26,2019
WESTERHOVEN,931,9.39,100,0.262,2018
WESTERHOVEN,937,18.16,100,0.257,2020
"WIJK EN AALBURG",2472,7.25,100,0.629,2019
"WIJK EN AALBURG",2466,4.82,100,0.638,2018
"WIJK EN AALBURG",2531,10.7,100,0.606,2020
WILBERTOORD,397,15.04,100,0.142,2018
WILBERTOORD,410,23.32,100,0.131,2020
WILBERTOORD,408,17.62,100,0.134,2019
"WILLEMSTAD NB",1530,14.47,100,0.356,2020
"WILLEMSTAD NB",1506,6.54,100,0.373,2018
"WILLEMSTAD NB",1529,9.18,100,0.375,2019
WINTELRE,849,14.41,100,0.266,2019
WINTELRE,853,19.88,100,0.25,2020
WINTELRE,834,10.23,100,0.287,2018
WOENSDRECHT,678,13.42,100,0.147,2020
WOENSDRECHT,679,9.74,100,0.154,2019
WOENSDRECHT,678,7.95,100,0.158,2018
WOUDRICHEM,2084,7.61,100,0.428,2019
WOUDRICHEM,2103,10.7,100,0.418,2020
WOUDRICHEM,2081,5.16,100,0.433,2018
WOUW,2112,6.33,100,0.449,2018
WOUW,2094,13.59,100,0.425,2020
WOUW,2115,8.53,100,0.45,2019
"WOUWSE PLANTAGE",715,19.62,100,0.22,2020
"WOUWSE PLANTAGE",688,10.44,100,0.223,2018
"WOUWSE PLANTAGE",690,14.02,100,0.222,2019
"YSSELSTEYN LB",977,16.62,100,0.609,2020
"YSSELSTEYN LB",972,14.09,100,0.599,2019
"YSSELSTEYN LB",974,12.03,100,0.598,2018
ZEELAND,2655,19.66,100,0.807,2020
ZEELAND,2629,11.78,100,0.832,2019
ZEELAND,2613,8.48,100,0.827,2018
ZEGGE,915,9.84,100,0.272,2019
ZEGGE,928,16.32,100,0.269,2020
ZEGGE,904,6.51,100,0.261,2018
ZEVENBERGEN,6617,7.56,100,1.345,2019
ZEVENBERGEN,6604,5.26,100,1.367,2018
ZEVENBERGEN,6659,12.9,100,1.3,2020
"ZEVENBERGSCHEN HOEK",696,10.68,100,0.195,2019
"ZEVENBERGSCHEN HOEK",696,8.01,100,0.19,2018
"ZEVENBERGSCHEN HOEK",696,14.73,100,0.185,2020
"ZEVENBERGSCHEN HOEK DRI",20,20,100,0.009,2018
"ZEVENBERGSCHEN HOEK DRI",20,20,100,0.009,2019
"ZEVENBERGSCHEN HOEK DRI",15,13.33,100,0.01,2020
ZUNDERT,4008,4.81,100,0.8,2018
ZUNDERT,4055,10.88,100,0.79,2020
ZUNDERT,4033,6.85,100,0.806,2019
